Date,RPM,Speed,nGear,Throttle,Brake,DRS,Source,Time,SessionTime
2023-04-02 06:30:51.769,11454.0,294.0,7,100.0,False,0,car,0 days 00:00:00.136000,0 days 02:29:49.947000
2023-04-02 06:30:52.089,10648.0,296.0,8,100.0,False,0,car,0 days 00:00:00.456000,0 days 02:29:50.267000
2023-04-02 06:30:52.289,10604.0,296.0,8,100.0,False,0,car,0 days 00:00:00.656000,0 days 02:29:50.467000
2023-04-02 06:30:52.729,10500.0,298.0,8,100.0,False,0,car,0 days 00:00:01.096000,0 days 02:29:50.907000
2023-04-02 06:30:53.169,10465.0,296.0,8,100.0,False,0,car,0 days 00:00:01.536000,0 days 02:29:51.347000
2023-04-02 06:30:53.529,10453.0,295.0,8,100.0,False,0,car,0 days 00:00:01.896000,0 days 02:29:51.707000
2023-04-02 06:30:53.689,10476.0,294.0,8,100.0,False,0,car,0 days 00:00:02.056000,0 days 02:29:51.867000
2023-04-02 06:30:54.009,10384.0,293.0,8,100.0,False,0,car,0 days 00:00:02.376000,0 days 02:29:52.187000
2023-04-02 06:30:54.169,10310.0,292.0,8,100.0,False,0,car,0 days 00:00:02.536000,0 days 02:29:52.347000
2023-04-02 06:30:54.449,10293.0,291.0,8,100.0,False,0,car,0 days 00:00:02.816000,0 days 02:29:52.627000
2023-04-02 06:30:54.888,9716.0,285.0,8,0.0,True,0,car,0 days 00:00:03.255000,0 days 02:29:53.066000
2023-04-02 06:30:55.048,9263.0,264.0,8,0.0,True,0,car,0 days 00:00:03.415000,0 days 02:29:53.226000
2023-04-02 06:30:55.248,9341.0,244.0,8,0.0,True,0,car,0 days 00:00:03.615000,0 days 02:29:53.426000
2023-04-02 06:30:55.608,10317.0,214.0,8,0.0,True,0,car,0 days 00:00:03.975000,0 days 02:29:53.786000
2023-04-02 06:30:55.968,10749.0,186.0,5,0.0,True,0,car,0 days 00:00:04.335000,0 days 02:29:54.146000
2023-04-02 06:30:56.368,10443.0,175.0,4,6.0,True,0,car,0 days 00:00:04.735000,0 days 02:29:54.546000
2023-04-02 06:30:56.568,10383.0,170.0,4,47.0,False,0,car,0 days 00:00:04.935000,0 days 02:29:54.746000
2023-04-02 06:30:56.928,10855.0,173.0,4,73.0,False,0,car,0 days 00:00:05.295000,0 days 02:29:55.106000
2023-04-02 06:30:57.248,11597.0,181.0,4,96.0,False,0,car,0 days 00:00:05.615000,0 days 02:29:55.426000
2023-04-02 06:30:57.448,10197.0,186.0,4,100.0,False,0,car,0 days 00:00:05.815000,0 days 02:29:55.626000
2023-04-02 06:30:57.809,10740.0,194.0,5,100.0,False,0,car,0 days 00:00:06.176000,0 days 02:29:55.987000
2023-04-02 06:30:58.009,10768.0,204.0,5,100.0,False,0,car,0 days 00:00:06.376000,0 days 02:29:56.187000
2023-04-02 06:30:58.289,11173.0,212.0,5,100.0,False,0,car,0 days 00:00:06.656000,0 days 02:29:56.467000
2023-04-02 06:30:58.609,11488.0,220.0,5,100.0,False,0,car,0 days 00:00:06.976000,0 days 02:29:56.787000
2023-04-02 06:30:58.809,11610.0,225.0,5,100.0,False,0,car,0 days 00:00:07.176000,0 days 02:29:56.987000
2023-04-02 06:30:59.049,10545.0,231.0,6,100.0,False,0,car,0 days 00:00:07.416000,0 days 02:29:57.227000
2023-04-02 06:30:59.329,10702.0,233.0,6,100.0,False,0,car,0 days 00:00:07.696000,0 days 02:29:57.507000
2023-04-02 06:30:59.529,10850.0,238.0,6,100.0,False,0,car,0 days 00:00:07.896000,0 days 02:29:57.707000
2023-04-02 06:30:59.769,11101.0,244.0,6,100.0,False,0,car,0 days 00:00:08.136000,0 days 02:29:57.947000
2023-04-02 06:30:59.929,11101.0,246.0,6,100.0,False,0,car,0 days 00:00:08.296000,0 days 02:29:58.107000
2023-04-02 06:31:00.289,11346.0,252.0,6,100.0,False,0,car,0 days 00:00:08.656000,0 days 02:29:58.467000
2023-04-02 06:31:00.529,11463.0,256.0,6,100.0,False,0,car,0 days 00:00:08.896000,0 days 02:29:58.707000
2023-04-02 06:31:00.809,10962.0,260.0,6,100.0,False,0,car,0 days 00:00:09.176000,0 days 02:29:58.987000
2023-04-02 06:31:01.129,10628.0,264.0,7,100.0,False,0,car,0 days 00:00:09.496000,0 days 02:29:59.307000
2023-04-02 06:31:01.449,10695.0,269.0,7,100.0,False,0,car,0 days 00:00:09.816000,0 days 02:29:59.627000
2023-04-02 06:31:01.648,10795.0,272.0,7,100.0,False,0,car,0 days 00:00:10.015000,0 days 02:29:59.826000
2023-04-02 06:31:01.848,10844.0,273.0,7,100.0,False,0,car,0 days 00:00:10.215000,0 days 02:30:00.026000
2023-04-02 06:31:02.088,10939.0,275.0,7,100.0,False,0,car,0 days 00:00:10.455000,0 days 02:30:00.266000
2023-04-02 06:31:02.248,10999.0,277.0,7,100.0,False,0,car,0 days 00:00:10.615000,0 days 02:30:00.426000
2023-04-02 06:31:02.448,11114.0,280.0,7,100.0,False,0,car,0 days 00:00:10.815000,0 days 02:30:00.626000
2023-04-02 06:31:02.808,11226.0,282.0,7,100.0,False,0,car,0 days 00:00:11.175000,0 days 02:30:00.986000
2023-04-02 06:31:02.968,11198.0,283.0,7,100.0,False,0,car,0 days 00:00:11.335000,0 days 02:30:01.146000
2023-04-02 06:31:03.128,11308.0,284.0,7,100.0,False,0,car,0 days 00:00:11.495000,0 days 02:30:01.306000
2023-04-02 06:31:03.288,11302.0,286.0,7,100.0,False,0,car,0 days 00:00:11.655000,0 days 02:30:01.466000
2023-04-02 06:31:03.608,11206.0,287.0,7,100.0,False,0,car,0 days 00:00:11.975000,0 days 02:30:01.786000
2023-04-02 06:31:04.369,11178.0,284.0,7,100.0,False,0,car,0 days 00:00:12.736000,0 days 02:30:02.547000
2023-04-02 06:31:04.849,11153.0,282.0,7,100.0,False,0,car,0 days 00:00:13.216000,0 days 02:30:03.027000
2023-04-02 06:31:05.089,11061.0,282.0,7,100.0,False,0,car,0 days 00:00:13.456000,0 days 02:30:03.267000
2023-04-02 06:31:05.449,9969.0,259.0,7,0.0,True,0,car,0 days 00:00:13.816000,0 days 02:30:03.627000
2023-04-02 06:31:05.649,10493.0,237.0,7,0.0,True,0,car,0 days 00:00:14.016000,0 days 02:30:03.827000
2023-04-02 06:31:06.009,10770.0,205.0,7,0.0,True,0,car,0 days 00:00:14.376000,0 days 02:30:04.187000
2023-04-02 06:31:06.209,10597.0,186.0,5,0.0,True,0,car,0 days 00:00:14.576000,0 days 02:30:04.387000
2023-04-02 06:31:06.489,10396.0,161.0,5,0.0,True,0,car,0 days 00:00:14.856000,0 days 02:30:04.667000
2023-04-02 06:31:06.969,9027.0,132.0,3,0.0,True,0,car,0 days 00:00:15.336000,0 days 02:30:05.147000
2023-04-02 06:31:07.369,7988.0,117.0,3,0.0,True,0,car,0 days 00:00:15.736000,0 days 02:30:05.547000
2023-04-02 06:31:07.649,7657.0,111.0,3,0.0,True,0,car,0 days 00:00:16.016000,0 days 02:30:05.827000
2023-04-02 06:31:08.009,7544.0,105.0,3,3.0,False,0,car,0 days 00:00:16.376000,0 days 02:30:06.187000
2023-04-02 06:31:08.368,7519.0,102.0,3,23.0,False,0,car,0 days 00:00:16.735000,0 days 02:30:06.546000
2023-04-02 06:31:08.768,7969.0,105.0,3,39.0,False,0,car,0 days 00:00:17.135000,0 days 02:30:06.946000
2023-04-02 06:31:09.208,8653.0,112.0,3,51.0,False,0,car,0 days 00:00:17.575000,0 days 02:30:07.386000
2023-04-02 06:31:09.408,9027.0,114.0,3,55.0,False,0,car,0 days 00:00:17.775000,0 days 02:30:07.586000
2023-04-02 06:31:09.648,9569.0,122.0,3,74.0,False,0,car,0 days 00:00:18.015000,0 days 02:30:07.826000
2023-04-02 06:31:09.808,9569.0,129.0,3,74.0,False,0,car,0 days 00:00:18.175000,0 days 02:30:07.986000
2023-04-02 06:31:09.968,10409.0,137.0,3,92.0,False,0,car,0 days 00:00:18.335000,0 days 02:30:08.146000
2023-04-02 06:31:10.168,11009.0,147.0,3,100.0,False,0,car,0 days 00:00:18.535000,0 days 02:30:08.346000
2023-04-02 06:31:10.408,10161.0,157.0,3,98.0,False,0,car,0 days 00:00:18.775000,0 days 02:30:08.586000
2023-04-02 06:31:10.688,9656.0,161.0,4,10.0,True,0,car,0 days 00:00:19.055000,0 days 02:30:08.866000
2023-04-02 06:31:10.849,9370.0,157.0,4,8.0,False,0,car,0 days 00:00:19.216000,0 days 02:30:09.027000
2023-04-02 06:31:11.009,9254.0,156.0,4,7.0,False,0,car,0 days 00:00:19.376000,0 days 02:30:09.187000
2023-04-02 06:31:11.289,8997.0,153.0,4,10.0,False,0,car,0 days 00:00:19.656000,0 days 02:30:09.467000
2023-04-02 06:31:11.449,9070.0,150.0,4,26.0,False,0,car,0 days 00:00:19.816000,0 days 02:30:09.627000
2023-04-02 06:31:11.609,9185.0,149.0,4,47.0,False,0,car,0 days 00:00:19.976000,0 days 02:30:09.787000
2023-04-02 06:31:11.969,9727.0,155.0,4,69.0,False,0,car,0 days 00:00:20.336000,0 days 02:30:10.147000
2023-04-02 06:31:12.129,9874.0,155.0,4,71.0,False,0,car,0 days 00:00:20.496000,0 days 02:30:10.307000
2023-04-02 06:31:12.289,10085.0,160.0,4,80.0,False,0,car,0 days 00:00:20.656000,0 days 02:30:10.467000
2023-04-02 06:31:12.609,10749.0,169.0,4,88.0,False,0,car,0 days 00:00:20.976000,0 days 02:30:10.787000
2023-04-02 06:31:12.889,10838.0,176.0,4,100.0,False,0,car,0 days 00:00:21.256000,0 days 02:30:11.067000
2023-04-02 06:31:13.049,10411.0,186.0,4,100.0,False,0,car,0 days 00:00:21.416000,0 days 02:30:11.227000
2023-04-02 06:31:13.249,10052.0,192.0,5,100.0,False,0,car,0 days 00:00:21.616000,0 days 02:30:11.427000
2023-04-02 06:31:13.489,10442.0,200.0,5,100.0,False,0,car,0 days 00:00:21.856000,0 days 02:30:11.667000
2023-04-02 06:31:13.689,10872.0,200.0,5,100.0,False,0,car,0 days 00:00:22.056000,0 days 02:30:11.867000
2023-04-02 06:31:14.049,11223.0,219.0,5,100.0,False,0,car,0 days 00:00:22.416000,0 days 02:30:12.227000
2023-04-02 06:31:14.209,11483.0,221.0,5,100.0,False,0,car,0 days 00:00:22.576000,0 days 02:30:12.387000
2023-04-02 06:31:14.409,11148.0,224.0,5,100.0,False,0,car,0 days 00:00:22.776000,0 days 02:30:12.587000
2023-04-02 06:31:14.649,10382.0,232.0,6,100.0,False,0,car,0 days 00:00:23.016000,0 days 02:30:12.827000
2023-04-02 06:31:14.889,10860.0,238.0,6,100.0,False,0,car,0 days 00:00:23.256000,0 days 02:30:13.067000
2023-04-02 06:31:15.168,10966.0,242.0,6,100.0,False,0,car,0 days 00:00:23.535000,0 days 02:30:13.346000
2023-04-02 06:31:15.408,11083.0,243.0,6,79.0,False,0,car,0 days 00:00:23.775000,0 days 02:30:13.586000
2023-04-02 06:31:15.728,11129.0,245.0,6,100.0,False,0,car,0 days 00:00:24.095000,0 days 02:30:13.906000
2023-04-02 06:31:16.088,11213.0,249.0,6,100.0,False,0,car,0 days 00:00:24.455000,0 days 02:30:14.266000
2023-04-02 06:31:16.248,11336.0,251.0,6,100.0,False,0,car,0 days 00:00:24.615000,0 days 02:30:14.426000
2023-04-02 06:31:16.488,11493.0,254.0,6,100.0,False,0,car,0 days 00:00:24.855000,0 days 02:30:14.666000
2023-04-02 06:31:16.768,11488.0,258.0,6,100.0,False,0,car,0 days 00:00:25.135000,0 days 02:30:14.946000
2023-04-02 06:31:17.128,10553.0,263.0,6,100.0,False,0,car,0 days 00:00:25.495000,0 days 02:30:15.306000
2023-04-02 06:31:17.368,10553.0,266.0,7,100.0,False,0,car,0 days 00:00:25.735000,0 days 02:30:15.546000
2023-04-02 06:31:17.729,10654.0,269.0,7,100.0,False,0,car,0 days 00:00:26.096000,0 days 02:30:15.907000
2023-04-02 06:31:18.009,10858.0,273.0,7,100.0,False,0,car,0 days 00:00:26.376000,0 days 02:30:16.187000
2023-04-02 06:31:18.449,11057.0,278.0,7,100.0,False,0,car,0 days 00:00:26.816000,0 days 02:30:16.627000
2023-04-02 06:31:18.889,11120.0,282.0,7,100.0,False,0,car,0 days 00:00:27.256000,0 days 02:30:17.067000
2023-04-02 06:31:19.129,11161.0,283.0,7,100.0,False,0,car,0 days 00:00:27.496000,0 days 02:30:17.307000
2023-04-02 06:31:19.289,11289.0,285.0,7,100.0,False,0,car,0 days 00:00:27.656000,0 days 02:30:17.467000
2023-04-02 06:31:19.529,11344.0,286.0,7,100.0,False,0,car,0 days 00:00:27.896000,0 days 02:30:17.707000
2023-04-02 06:31:19.689,11375.0,286.0,7,100.0,False,0,car,0 days 00:00:28.056000,0 days 02:30:17.867000
2023-04-02 06:31:19.969,11096.0,285.0,7,0.0,True,0,car,0 days 00:00:28.336000,0 days 02:30:18.147000
2023-04-02 06:31:20.249,10185.0,258.0,7,0.0,True,0,car,0 days 00:00:28.616000,0 days 02:30:18.427000
2023-04-02 06:31:20.489,10046.0,239.0,7,0.0,True,0,car,0 days 00:00:28.856000,0 days 02:30:18.667000
2023-04-02 06:31:20.649,10046.0,225.0,6,0.0,True,0,car,0 days 00:00:29.016000,0 days 02:30:18.827000
2023-04-02 06:31:20.929,9530.0,217.0,6,3.0,False,0,car,0 days 00:00:29.296000,0 days 02:30:19.107000
2023-04-02 06:31:21.209,9100.0,214.0,6,25.0,False,0,car,0 days 00:00:29.576000,0 days 02:30:19.387000
2023-04-02 06:31:21.409,9275.0,206.0,6,70.0,False,0,car,0 days 00:00:29.776000,0 days 02:30:19.587000
2023-04-02 06:31:21.569,9718.0,209.0,6,95.0,False,0,car,0 days 00:00:29.936000,0 days 02:30:19.747000
2023-04-02 06:31:21.808,9838.0,213.0,6,100.0,False,0,car,0 days 00:00:30.175000,0 days 02:30:19.986000
2023-04-02 06:31:21.968,9947.0,216.0,6,100.0,False,0,car,0 days 00:00:30.335000,0 days 02:30:20.146000
2023-04-02 06:31:22.248,10110.0,223.0,6,100.0,False,0,car,0 days 00:00:30.615000,0 days 02:30:20.426000
2023-04-02 06:31:22.488,10278.0,228.0,6,100.0,False,0,car,0 days 00:00:30.855000,0 days 02:30:20.666000
2023-04-02 06:31:22.648,10588.0,232.0,6,100.0,False,0,car,0 days 00:00:31.015000,0 days 02:30:20.826000
2023-04-02 06:31:23.328,11030.0,243.0,6,100.0,False,0,car,0 days 00:00:31.695000,0 days 02:30:21.506000
2023-04-02 06:31:23.688,11216.0,250.0,6,100.0,False,0,car,0 days 00:00:32.055000,0 days 02:30:21.866000
2023-04-02 06:31:24.009,11460.0,256.0,6,100.0,False,0,car,0 days 00:00:32.376000,0 days 02:30:22.187000
2023-04-02 06:31:24.169,11561.0,256.0,6,100.0,False,0,car,0 days 00:00:32.536000,0 days 02:30:22.347000
2023-04-02 06:31:24.369,11563.0,261.0,6,100.0,False,0,car,0 days 00:00:32.736000,0 days 02:30:22.547000
2023-04-02 06:31:24.609,10577.0,263.0,7,100.0,False,0,car,0 days 00:00:32.976000,0 days 02:30:22.787000
2023-04-02 06:31:24.889,10650.0,266.0,7,100.0,False,0,car,0 days 00:00:33.256000,0 days 02:30:23.067000
2023-04-02 06:31:25.049,10650.0,268.0,7,100.0,False,0,car,0 days 00:00:33.416000,0 days 02:30:23.227000
2023-04-02 06:31:25.329,10810.0,270.0,7,100.0,False,0,car,0 days 00:00:33.696000,0 days 02:30:23.507000
2023-04-02 06:31:25.489,10880.0,272.0,7,100.0,False,0,car,0 days 00:00:33.856000,0 days 02:30:23.667000
2023-04-02 06:31:25.769,10952.0,273.0,7,100.0,False,0,car,0 days 00:00:34.136000,0 days 02:30:23.947000
2023-04-02 06:31:25.969,10988.0,274.0,7,100.0,False,0,car,0 days 00:00:34.336000,0 days 02:30:24.147000
2023-04-02 06:31:26.129,11028.0,276.0,7,100.0,False,0,car,0 days 00:00:34.496000,0 days 02:30:24.307000
2023-04-02 06:31:26.289,11021.0,277.0,7,100.0,False,0,car,0 days 00:00:34.656000,0 days 02:30:24.467000
2023-04-02 06:31:26.529,11043.0,279.0,7,100.0,False,0,car,0 days 00:00:34.896000,0 days 02:30:24.707000
2023-04-02 06:31:26.689,11170.0,280.0,7,100.0,False,0,car,0 days 00:00:35.056000,0 days 02:30:24.867000
2023-04-02 06:31:26.889,11115.0,281.0,7,100.0,False,0,car,0 days 00:00:35.256000,0 days 02:30:25.067000
2023-04-02 06:31:27.129,11235.0,282.0,7,100.0,False,0,car,0 days 00:00:35.496000,0 days 02:30:25.307000
2023-04-02 06:31:27.369,11193.0,283.0,7,100.0,False,0,car,0 days 00:00:35.736000,0 days 02:30:25.547000
2023-04-02 06:31:27.529,11205.0,283.0,7,100.0,False,0,car,0 days 00:00:35.896000,0 days 02:30:25.707000
2023-04-02 06:31:27.729,11342.0,285.0,7,100.0,False,0,car,0 days 00:00:36.096000,0 days 02:30:25.907000
2023-04-02 06:31:28.049,11362.0,287.0,7,100.0,False,0,car,0 days 00:00:36.416000,0 days 02:30:26.227000
2023-04-02 06:31:28.249,11399.0,288.0,7,100.0,False,0,car,0 days 00:00:36.616000,0 days 02:30:26.427000
2023-04-02 06:31:28.448,11458.0,289.0,7,100.0,False,0,car,0 days 00:00:36.815000,0 days 02:30:26.626000
2023-04-02 06:31:28.688,11436.0,290.0,7,100.0,False,0,car,0 days 00:00:37.055000,0 days 02:30:26.866000
2023-04-02 06:31:28.928,11499.0,291.0,7,100.0,False,0,car,0 days 00:00:37.295000,0 days 02:30:27.106000
2023-04-02 06:31:29.328,11549.0,292.0,7,100.0,False,0,car,0 days 00:00:37.695000,0 days 02:30:27.506000
2023-04-02 06:31:29.688,10460.0,293.0,8,100.0,False,0,car,0 days 00:00:38.055000,0 days 02:30:27.866000
2023-04-02 06:31:29.848,10511.0,293.0,8,100.0,False,0,car,0 days 00:00:38.215000,0 days 02:30:28.026000
2023-04-02 06:31:30.048,10485.0,294.0,8,100.0,False,0,car,0 days 00:00:38.415000,0 days 02:30:28.226000
2023-04-02 06:31:30.328,10489.0,294.0,8,100.0,False,0,car,0 days 00:00:38.695000,0 days 02:30:28.506000
2023-04-02 06:31:30.609,10514.0,295.0,8,100.0,False,0,car,0 days 00:00:38.976000,0 days 02:30:28.787000
2023-04-02 06:31:30.969,10565.0,296.0,8,100.0,False,0,car,0 days 00:00:39.336000,0 days 02:30:29.147000
2023-04-02 06:31:31.329,10573.0,297.0,8,100.0,False,0,car,0 days 00:00:39.696000,0 days 02:30:29.507000
2023-04-02 06:31:31.569,10612.0,298.0,8,100.0,False,0,car,0 days 00:00:39.936000,0 days 02:30:29.747000
2023-04-02 06:31:31.729,10614.0,299.0,8,100.0,False,0,car,0 days 00:00:40.096000,0 days 02:30:29.907000
2023-04-02 06:31:31.889,10656.0,299.0,8,100.0,False,0,car,0 days 00:00:40.256000,0 days 02:30:30.067000
2023-04-02 06:31:32.129,10649.0,300.0,8,100.0,False,0,car,0 days 00:00:40.496000,0 days 02:30:30.307000
2023-04-02 06:31:32.329,10670.0,300.0,8,100.0,False,0,car,0 days 00:00:40.696000,0 days 02:30:30.507000
2023-04-02 06:31:32.609,10693.0,300.0,8,100.0,False,0,car,0 days 00:00:40.976000,0 days 02:30:30.787000
2023-04-02 06:31:32.809,10694.0,300.0,8,100.0,False,0,car,0 days 00:00:41.176000,0 days 02:30:30.987000
2023-04-02 06:31:33.089,10715.0,301.0,8,100.0,False,0,car,0 days 00:00:41.456000,0 days 02:30:31.267000
2023-04-02 06:31:33.449,10678.0,301.0,8,100.0,False,0,car,0 days 00:00:41.816000,0 days 02:30:31.627000
2023-04-02 06:31:33.849,10772.0,302.0,8,100.0,False,0,car,0 days 00:00:42.216000,0 days 02:30:32.027000
2023-04-02 06:31:34.209,10723.0,302.0,8,100.0,False,0,car,0 days 00:00:42.576000,0 days 02:30:32.387000
2023-04-02 06:31:34.449,10723.0,303.0,8,100.0,False,0,car,0 days 00:00:42.816000,0 days 02:30:32.627000
2023-04-02 06:31:34.649,10746.0,302.0,8,100.0,False,0,car,0 days 00:00:43.016000,0 days 02:30:32.827000
2023-04-02 06:31:34.929,10753.0,302.0,8,100.0,False,0,car,0 days 00:00:43.296000,0 days 02:30:33.107000
2023-04-02 06:31:35.208,10702.0,302.0,8,100.0,False,0,car,0 days 00:00:43.575000,0 days 02:30:33.386000
2023-04-02 06:31:35.528,10750.0,301.0,8,100.0,False,0,car,0 days 00:00:43.895000,0 days 02:30:33.706000
2023-04-02 06:31:35.928,10629.0,299.0,8,100.0,False,0,car,0 days 00:00:44.295000,0 days 02:30:34.106000
2023-04-02 06:31:36.208,10612.0,298.0,8,100.0,False,0,car,0 days 00:00:44.575000,0 days 02:30:34.386000
2023-04-02 06:31:36.408,10481.0,297.0,8,100.0,False,0,car,0 days 00:00:44.775000,0 days 02:30:34.586000
2023-04-02 06:31:36.808,10372.0,293.0,8,100.0,False,0,car,0 days 00:00:45.175000,0 days 02:30:34.986000
2023-04-02 06:31:36.968,10380.0,292.0,8,100.0,False,0,car,0 days 00:00:45.335000,0 days 02:30:35.146000
2023-04-02 06:31:37.169,10335.0,290.0,8,100.0,False,0,car,0 days 00:00:45.536000,0 days 02:30:35.347000
2023-04-02 06:31:37.329,10287.0,290.0,8,100.0,False,0,car,0 days 00:00:45.696000,0 days 02:30:35.507000
2023-04-02 06:31:37.609,10159.0,288.0,8,100.0,False,0,car,0 days 00:00:45.976000,0 days 02:30:35.787000
2023-04-02 06:31:37.769,10169.0,287.0,8,100.0,False,0,car,0 days 00:00:46.136000,0 days 02:30:35.947000
2023-04-02 06:31:38.129,10155.0,286.0,8,100.0,False,0,car,0 days 00:00:46.496000,0 days 02:30:36.307000
2023-04-02 06:31:38.449,10011.0,284.0,8,100.0,False,0,car,0 days 00:00:46.816000,0 days 02:30:36.627000
2023-04-02 06:31:38.689,9594.0,281.0,8,3.0,True,0,car,0 days 00:00:47.056000,0 days 02:30:36.867000
2023-04-02 06:31:39.049,9759.0,256.0,8,1.0,True,0,car,0 days 00:00:47.416000,0 days 02:30:37.227000
2023-04-02 06:31:39.209,10221.0,256.0,7,1.0,True,0,car,0 days 00:00:47.576000,0 days 02:30:37.387000
2023-04-02 06:31:39.529,10708.0,242.0,6,14.0,False,0,car,0 days 00:00:47.896000,0 days 02:30:37.707000
2023-04-02 06:31:39.689,10543.0,237.0,6,28.0,False,0,car,0 days 00:00:48.056000,0 days 02:30:37.867000
2023-04-02 06:31:40.049,10451.0,232.0,6,80.0,False,0,car,0 days 00:00:48.416000,0 days 02:30:38.227000
2023-04-02 06:31:40.289,10621.0,234.0,6,94.0,False,0,car,0 days 00:00:48.656000,0 days 02:30:38.467000
2023-04-02 06:31:40.569,10839.0,239.0,6,100.0,False,0,car,0 days 00:00:48.936000,0 days 02:30:38.747000
2023-04-02 06:31:40.769,10790.0,242.0,6,73.0,False,0,car,0 days 00:00:49.136000,0 days 02:30:38.947000
2023-04-02 06:31:41.009,10730.0,238.0,6,58.0,False,0,car,0 days 00:00:49.376000,0 days 02:30:39.187000
2023-04-02 06:31:41.249,10595.0,237.0,6,69.0,False,0,car,0 days 00:00:49.616000,0 days 02:30:39.427000
2023-04-02 06:31:41.529,10949.0,240.0,6,100.0,False,0,car,0 days 00:00:49.896000,0 days 02:30:39.707000
2023-04-02 06:31:41.768,10998.0,241.0,6,100.0,False,0,car,0 days 00:00:50.135000,0 days 02:30:39.946000
2023-04-02 06:31:42.048,11038.0,246.0,6,100.0,False,0,car,0 days 00:00:50.415000,0 days 02:30:40.226000
2023-04-02 06:31:42.848,11425.0,258.0,6,100.0,False,0,car,0 days 00:00:51.215000,0 days 02:30:41.026000
2023-04-02 06:31:43.048,11589.0,260.0,6,100.0,False,0,car,0 days 00:00:51.415000,0 days 02:30:41.226000
2023-04-02 06:31:43.288,10976.0,263.0,6,100.0,False,0,car,0 days 00:00:51.655000,0 days 02:30:41.466000
2023-04-02 06:31:43.488,10424.0,265.0,6,100.0,False,0,car,0 days 00:00:51.855000,0 days 02:30:41.666000
2023-04-02 06:31:43.769,10702.0,268.0,7,100.0,False,0,car,0 days 00:00:52.136000,0 days 02:30:41.947000
2023-04-02 06:31:44.089,10841.0,272.0,7,100.0,False,0,car,0 days 00:00:52.456000,0 days 02:30:42.267000
2023-04-02 06:31:44.329,10906.0,273.0,7,100.0,False,0,car,0 days 00:00:52.696000,0 days 02:30:42.507000
2023-04-02 06:31:44.529,10906.0,276.0,7,100.0,False,0,car,0 days 00:00:52.896000,0 days 02:30:42.707000
2023-04-02 06:31:44.689,11033.0,277.0,7,100.0,False,0,car,0 days 00:00:53.056000,0 days 02:30:42.867000
2023-04-02 06:31:45.009,11126.0,280.0,7,100.0,False,0,car,0 days 00:00:53.376000,0 days 02:30:43.187000
2023-04-02 06:31:45.249,11156.0,281.0,7,100.0,False,0,car,0 days 00:00:53.616000,0 days 02:30:43.427000
2023-04-02 06:31:45.529,11227.0,283.0,7,100.0,False,0,car,0 days 00:00:53.896000,0 days 02:30:43.707000
2023-04-02 06:31:45.809,11258.0,284.0,7,100.0,False,0,car,0 days 00:00:54.176000,0 days 02:30:43.987000
2023-04-02 06:31:45.969,11328.0,285.0,7,100.0,False,0,car,0 days 00:00:54.336000,0 days 02:30:44.147000
2023-04-02 06:31:46.209,11368.0,287.0,7,100.0,False,0,car,0 days 00:00:54.576000,0 days 02:30:44.387000
2023-04-02 06:31:46.529,11431.0,288.0,7,100.0,False,0,car,0 days 00:00:54.896000,0 days 02:30:44.707000
2023-04-02 06:31:46.689,11460.0,289.0,7,100.0,False,0,car,0 days 00:00:55.056000,0 days 02:30:44.867000
2023-04-02 06:31:47.129,11349.0,289.0,7,100.0,False,0,car,0 days 00:00:55.496000,0 days 02:30:45.307000
2023-04-02 06:31:47.569,11326.0,286.0,7,100.0,False,0,car,0 days 00:00:55.936000,0 days 02:30:45.747000
2023-04-02 06:31:47.889,11265.0,285.0,7,100.0,False,0,car,0 days 00:00:56.256000,0 days 02:30:46.067000
2023-04-02 06:31:48.089,11166.0,284.0,7,100.0,False,0,car,0 days 00:00:56.456000,0 days 02:30:46.267000
2023-04-02 06:31:48.249,11204.0,283.0,7,100.0,False,0,car,0 days 00:00:56.616000,0 days 02:30:46.427000
2023-04-02 06:31:48.568,11095.0,282.0,7,100.0,False,0,car,0 days 00:00:56.935000,0 days 02:30:46.746000
2023-04-02 06:31:48.768,11022.0,282.0,7,100.0,False,0,car,0 days 00:00:57.135000,0 days 02:30:46.946000
2023-04-02 06:31:49.168,10879.0,280.0,7,5.0,False,0,car,0 days 00:00:57.535000,0 days 02:30:47.346000
2023-04-02 06:31:49.528,9878.0,253.0,7,0.0,True,0,car,0 days 00:00:57.895000,0 days 02:30:47.706000
2023-04-02 06:31:49.808,9868.0,217.0,7,0.0,True,0,car,0 days 00:00:58.175000,0 days 02:30:47.986000
2023-04-02 06:31:50.008,10175.0,196.0,7,0.0,True,0,car,0 days 00:00:58.375000,0 days 02:30:48.186000
2023-04-02 06:31:50.248,10259.0,169.0,5,0.0,True,0,car,0 days 00:00:58.615000,0 days 02:30:48.426000
2023-04-02 06:31:50.449,10488.0,154.0,4,0.0,True,0,car,0 days 00:00:58.816000,0 days 02:30:48.627000
2023-04-02 06:31:50.689,9690.0,142.0,3,0.0,True,0,car,0 days 00:00:59.056000,0 days 02:30:48.867000
2023-04-02 06:31:50.889,9344.0,132.0,3,0.0,True,0,car,0 days 00:00:59.256000,0 days 02:30:49.067000
2023-04-02 06:31:51.249,8618.0,122.0,3,0.0,False,0,car,0 days 00:00:59.616000,0 days 02:30:49.427000
2023-04-02 06:31:51.529,8326.0,119.0,3,2.0,False,0,car,0 days 00:00:59.896000,0 days 02:30:49.707000
2023-04-02 06:31:51.729,9057.0,115.0,3,37.0,False,0,car,0 days 00:01:00.096000,0 days 02:30:49.907000
2023-04-02 06:31:52.169,9142.0,122.0,3,60.0,False,0,car,0 days 00:01:00.536000,0 days 02:30:50.347000
2023-04-02 06:31:52.329,9142.0,125.0,3,60.0,False,0,car,0 days 00:01:00.696000,0 days 02:30:50.507000
2023-04-02 06:31:52.569,10098.0,135.0,3,82.0,False,0,car,0 days 00:01:00.936000,0 days 02:30:50.747000
2023-04-02 06:31:52.889,9965.0,149.0,3,100.0,False,0,car,0 days 00:01:01.256000,0 days 02:30:51.067000
2023-04-02 06:31:53.169,9984.0,152.0,4,100.0,False,0,car,0 days 00:01:01.536000,0 days 02:30:51.347000
2023-04-02 06:31:53.569,11135.0,178.0,4,100.0,False,0,car,0 days 00:01:01.936000,0 days 02:30:51.747000
2023-04-02 06:31:53.809,11504.0,186.0,4,100.0,False,0,car,0 days 00:01:02.176000,0 days 02:30:51.987000
2023-04-02 06:31:54.169,11720.0,200.0,4,100.0,False,0,car,0 days 00:01:02.536000,0 days 02:30:52.347000
2023-04-02 06:31:54.409,10881.0,206.0,5,100.0,False,0,car,0 days 00:01:02.776000,0 days 02:30:52.587000
2023-04-02 06:31:54.689,11096.0,215.0,5,100.0,False,0,car,0 days 00:01:03.056000,0 days 02:30:52.867000
2023-04-02 06:31:55.088,11267.0,221.0,5,100.0,False,0,car,0 days 00:01:03.455000,0 days 02:30:53.266000
2023-04-02 06:31:55.448,11672.0,229.0,5,100.0,False,0,car,0 days 00:01:03.815000,0 days 02:30:53.626000
2023-04-02 06:31:55.688,11407.0,231.0,5,21.0,False,0,car,0 days 00:01:04.055000,0 days 02:30:53.866000
2023-04-02 06:31:56.008,11145.0,223.0,5,14.0,False,0,car,0 days 00:01:04.375000,0 days 02:30:54.186000
2023-04-02 06:31:56.208,10951.0,218.0,5,40.0,False,0,car,0 days 00:01:04.575000,0 days 02:30:54.386000
2023-04-02 06:31:56.408,10930.0,214.0,5,52.0,False,0,car,0 days 00:01:04.775000,0 days 02:30:54.586000
2023-04-02 06:31:56.608,10983.0,213.0,5,58.0,False,0,car,0 days 00:01:04.975000,0 days 02:30:54.786000
2023-04-02 06:31:56.808,11006.0,213.0,5,67.0,False,0,car,0 days 00:01:05.175000,0 days 02:30:54.986000
2023-04-02 06:31:57.849,11002.0,232.0,5,100.0,False,0,car,0 days 00:01:06.216000,0 days 02:30:56.027000
2023-04-02 06:31:58.169,10721.0,236.0,6,100.0,False,0,car,0 days 00:01:06.536000,0 days 02:30:56.347000
2023-04-02 06:31:58.369,10651.0,240.0,6,100.0,False,0,car,0 days 00:01:06.736000,0 days 02:30:56.547000
2023-04-02 06:31:58.609,10979.0,244.0,6,100.0,False,0,car,0 days 00:01:06.976000,0 days 02:30:56.787000
2023-04-02 06:31:59.009,9947.0,233.0,6,0.0,True,0,car,0 days 00:01:07.376000,0 days 02:30:57.187000
2023-04-02 06:31:59.289,9807.0,203.0,6,0.0,True,0,car,0 days 00:01:07.656000,0 days 02:30:57.467000
2023-04-02 06:31:59.489,10266.0,184.0,6,0.0,True,0,car,0 days 00:01:07.856000,0 days 02:30:57.667000
2023-04-02 06:31:59.809,10956.0,160.0,4,0.0,True,0,car,0 days 00:01:08.176000,0 days 02:30:57.987000
2023-04-02 06:31:59.969,10120.0,145.0,3,0.0,True,0,car,0 days 00:01:08.336000,0 days 02:30:58.147000
2023-04-02 06:32:00.129,9295.0,139.0,3,0.0,True,0,car,0 days 00:01:08.496000,0 days 02:30:58.307000
2023-04-02 06:32:00.449,8300.0,120.0,3,0.0,True,0,car,0 days 00:01:08.816000,0 days 02:30:58.627000
2023-04-02 06:32:00.649,8114.0,114.0,3,0.0,True,0,car,0 days 00:01:09.016000,0 days 02:30:58.827000
2023-04-02 06:32:00.889,7274.0,110.0,3,0.0,True,0,car,0 days 00:01:09.256000,0 days 02:30:59.067000
2023-04-02 06:32:01.129,6847.0,103.0,3,0.0,False,0,car,0 days 00:01:09.496000,0 days 02:30:59.307000
2023-04-02 06:32:01.489,6794.0,97.0,3,0.0,False,0,car,0 days 00:01:09.856000,0 days 02:30:59.667000
2023-04-02 06:32:01.689,7012.0,92.0,3,21.0,False,0,car,0 days 00:01:10.056000,0 days 02:30:59.867000
2023-04-02 06:32:01.848,7062.0,94.0,3,31.0,False,0,car,0 days 00:01:10.215000,0 days 02:31:00.026000
2023-04-02 06:32:02.088,7369.0,96.0,3,37.0,False,0,car,0 days 00:01:10.455000,0 days 02:31:00.266000
2023-04-02 06:32:02.248,7586.0,98.0,3,44.0,False,0,car,0 days 00:01:10.615000,0 days 02:31:00.426000
2023-04-02 06:32:02.608,8194.0,105.0,3,48.0,False,0,car,0 days 00:01:10.975000,0 days 02:31:00.786000
2023-04-02 06:32:02.968,9142.0,119.0,3,78.0,False,0,car,0 days 00:01:11.335000,0 days 02:31:01.146000
2023-04-02 06:32:03.208,10122.0,129.0,3,99.0,False,0,car,0 days 00:01:11.575000,0 days 02:31:01.386000
2023-04-02 06:32:03.609,10783.0,147.0,3,100.0,False,0,car,0 days 00:01:11.976000,0 days 02:31:01.787000
2023-04-02 06:32:03.809,10065.0,160.0,3,79.0,False,0,car,0 days 00:01:12.176000,0 days 02:31:01.987000
2023-04-02 06:32:03.969,10151.0,165.0,4,75.0,False,0,car,0 days 00:01:12.336000,0 days 02:31:02.147000
2023-04-02 06:32:04.249,10308.0,169.0,4,47.0,False,0,car,0 days 00:01:12.616000,0 days 02:31:02.427000
2023-04-02 06:32:04.489,10286.0,170.0,4,35.0,False,0,car,0 days 00:01:12.856000,0 days 02:31:02.667000
2023-04-02 06:32:04.809,10452.0,169.0,4,64.0,False,0,car,0 days 00:01:13.176000,0 days 02:31:02.987000
2023-04-02 06:32:05.049,10750.0,173.0,4,75.0,False,0,car,0 days 00:01:13.416000,0 days 02:31:03.227000
2023-04-02 06:32:05.249,10914.0,177.0,4,85.0,False,0,car,0 days 00:01:13.616000,0 days 02:31:03.427000
2023-04-02 06:32:05.529,9779.0,182.0,4,100.0,False,0,car,0 days 00:01:13.896000,0 days 02:31:03.707000
2023-04-02 06:32:05.729,10099.0,188.0,5,100.0,False,0,car,0 days 00:01:14.096000,0 days 02:31:03.907000
2023-04-02 06:32:06.129,10643.0,198.0,5,100.0,False,0,car,0 days 00:01:14.496000,0 days 02:31:04.307000
2023-04-02 06:32:06.409,10881.0,207.0,5,100.0,False,0,car,0 days 00:01:14.776000,0 days 02:31:04.587000
2023-04-02 06:32:06.729,11246.0,216.0,5,100.0,False,0,car,0 days 00:01:15.096000,0 days 02:31:04.907000
2023-04-02 06:32:06.929,11500.0,221.0,5,100.0,False,0,car,0 days 00:01:15.296000,0 days 02:31:05.107000
2023-04-02 06:32:07.089,11640.0,226.0,5,100.0,False,0,car,0 days 00:01:15.456000,0 days 02:31:05.267000
2023-04-02 06:32:07.249,11080.0,231.0,5,100.0,False,0,car,0 days 00:01:15.616000,0 days 02:31:05.427000
2023-04-02 06:32:07.609,10844.0,238.0,6,100.0,False,0,car,0 days 00:01:15.976000,0 days 02:31:05.787000
2023-04-02 06:32:07.889,11073.0,245.0,6,100.0,False,0,car,0 days 00:01:16.256000,0 days 02:31:06.067000
2023-04-02 06:32:08.129,11239.0,249.0,6,100.0,False,0,car,0 days 00:01:16.496000,0 days 02:31:06.307000
2023-04-02 06:32:08.448,11414.0,256.0,6,100.0,False,0,car,0 days 00:01:16.815000,0 days 02:31:06.626000
2023-04-02 06:32:08.688,11386.0,259.0,6,100.0,False,0,car,0 days 00:01:17.055000,0 days 02:31:06.866000
2023-04-02 06:32:08.968,10537.0,263.0,7,100.0,False,0,car,0 days 00:01:17.335000,0 days 02:31:07.146000
2023-04-02 06:32:09.128,10597.0,265.0,7,100.0,False,0,car,0 days 00:01:17.495000,0 days 02:31:07.306000
2023-04-02 06:32:09.488,10793.0,270.0,7,100.0,False,0,car,0 days 00:01:17.855000,0 days 02:31:07.666000
2023-04-02 06:32:09.688,10851.0,273.0,7,100.0,False,0,car,0 days 00:01:18.055000,0 days 02:31:07.866000
2023-04-02 06:32:09.888,10942.0,275.0,7,100.0,False,0,car,0 days 00:01:18.255000,0 days 02:31:08.066000
2023-04-02 06:32:10.049,10983.0,277.0,7,100.0,False,0,car,0 days 00:01:18.416000,0 days 02:31:08.227000
2023-04-02 06:32:10.289,11132.0,279.0,7,100.0,False,0,car,0 days 00:01:18.656000,0 days 02:31:08.467000
2023-04-02 06:32:10.449,11121.0,281.0,7,100.0,False,0,car,0 days 00:01:18.816000,0 days 02:31:08.627000
2023-04-02 06:32:10.649,11173.0,283.0,7,100.0,False,0,car,0 days 00:01:19.016000,0 days 02:31:08.827000
2023-04-02 06:32:10.849,11256.0,285.0,7,100.0,False,0,car,0 days 00:01:19.216000,0 days 02:31:09.027000
2023-04-02 06:32:11.089,11337.0,286.0,7,100.0,False,0,car,0 days 00:01:19.456000,0 days 02:31:09.267000
2023-04-02 06:32:11.449,11499.0,290.0,7,100.0,False,0,car,0 days 00:01:19.816000,0 days 02:31:09.627000
2023-04-02 06:32:11.649,11488.0,291.0,7,100.0,False,0,car,0 days 00:01:20.016000,0 days 02:31:09.827000
2023-04-02 06:32:11.849,11525.0,293.0,7,100.0,False,0,car,0 days 00:01:20.216000,0 days 02:31:10.027000
